{
  "name": "Node.js & TypeScript",
  "image": "mcr.microsoft.com/devcontainers/typescript-node:1-20-bullseye",
  "features": {
    "ghcr.io/devcontainers/features/node:1": {
      "nodeGypDependencies": true,
      "version": "lts"
    }
  },
  "postCreateCommand": "npm install",
  "forwardPorts": [3000, 5173],
  "customizations": {
    "vscode": {
      "extensions": [
        "ms-vscode.vscode-typescript-next",
        "bradlc.vscode-tailwindcss",
        "esbenp.prettier-vscode"
      ]
    }
  }
}
